"EmployerName","EmployerId","Address","PostCode","CompanyNumber","SicCodes","DiffMeanHourlyPercent","DiffMedianHourlyPercent","DiffMeanBonusPercent","DiffMedianBonusPercent","MaleBonusPercent","FemaleBonusPercent","MaleLowerQuartile","FemaleLowerQuartile","MaleLowerMiddleQuartile","FemaleLowerMiddleQuartile","MaleUpperMiddleQuartile","FemaleUpperMiddleQuartile","MaleTopQuartile","FemaleTopQuartile","CompanyLinkToGPGInfo","ResponsiblePerson","EmployerSize","CurrentName","SubmittedAfterTheDeadline","DueDate","DateSubmitted"
"ABACUS EMPLOYMENT SERVICES LIMITED","767","Grove House Lutyens Close, Chineham Court, Basingstoke, Hampshire, England, RG24 8AG","RG24 8AG","02638307","78200","10.21","0.63","","","0","0","78.85","21.15","76.19","23.81","80.77","19.23","83.81","16.19","https://www.abacus-employment.com","Chris Addis (Managing Director)","250 to 499","ABACUS EMPLOYMENT SERVICES LIMITED","False","2027/04/05 00:00:00","2026/04/15 13:53:39"
"ADAPT BUSINESS SERVICES LIMITED","18128","Canolfan Gorseinon Millers Drive, Gorseinon, Swansea, SA4 4QN","SA4 4QN","06805468","81229","-2.8","0","","","0","0","28.9","71.1","37.4","62.6","31.3","68.7","33.3","66.7","","Graham Hammerton (Systems Director)","500 to 999","ADAPT BUSINESS SERVICES LIMITED","False","2027/04/05 00:00:00","2026/04/07 12:34:56"
"AERO FABRICATIONS LIMITED","21658","Common Lane, Watnall, Nottingham, NG16 1HA","NG16 1HA","02793994","25990","11.14","9.35","","","0","0","63","37","89","11","88","12","96","4","https://www.aerofabrications.co.uk/about/index.html","George Magdaleno (Finance Manager)","250 to 499","AERO FABRICATIONS LIMITED","False","2027/04/05 00:00:00","2026/04/10 08:15:25"
"AGE UK","988","7th Floor, One America Square, 17 Crosswall, London, England, EC3N 2LB","EC3N 2LB","06825798","87300","12.81","4.09","-20","12.91","1.14","0.74","19","81","15","85","25","75","30","70","https://www.ageuk.org.uk/about-us/who-we-are/gender-pay-gap/","Donna Marshall (Chief People Officer)","1000 to 4999","AGE UK","False","2027/04/05 00:00:00","2026/04/06 12:54:38"
"ALTEA 4 RESTAURANTS LTD","22078","21-25 Reform Street, Dundee, DD1 1SG","DD1 1SG","SC477637","47110","0","0.00","31.45","33.33","6.17","10.26","53","47","57","43","53","47","50","50","","KEVIN DORNAN (AREA MANAGER)","1000 to 4999","ALTEA 4 RESTAURANTS LTD","False","2027/04/05 00:00:00","2026/04/07 14:23:04"
"AMICA CARE TRUST","11338","Gatchell House Gatchell Oaks, Trull, Taunton, Somerset, TA3 7EG","TA3 7EG","04071304","86900","-75.04","0.0","","","0","0","27","73","13","87","28","72","16","84","","Keren Wilkinson (CEO)","250 to 499","AMICA CARE TRUST","False","2027/04/05 00:00:00","2026/04/20 13:44:32"
"ANDREW SCOTT LTD.","54297","Scott House Charter Court, Swansea Enterprise Park, Swansea, Wales, SA7 9DH","SA7 9DH","00406516","42990","15.4","9.36","85","-19.57","78.43","76.19","86.96","13.04","95.65","4.35","94.20","5.80","92.75","7.25","https://www.andrewscott.co.uk/","David Hadley (Financial Director)","250 to 499","ANDREW SCOTT LTD.","False","2027/04/05 00:00:00","2026/04/08 14:12:59"
"ASSOCIATION FOR SPINAL INJURY RESEARCH REHABILITATION AND REINTEGRATION","21453","Aspire Leisure Centre Wood Lane, Middlesex, Stanmore, Middlesex, England, HA7 4AP","HA7 4AP","03744357","86900,
93110,
93130","-1.26","-8.67","","","0","0","39","61","65","35","37","63","25","75","","Tasha Webster (Director of Operations)","Less than 250","ASSOCIATION FOR SPINAL INJURY RESEARCH REHABILITATION AND REINTEGRATION","False","2027/04/05 00:00:00","2026/04/15 16:03:33"
"AZENTA UK LTD","34827","Gilchrist Road, Northbank Industrial Park, Irlam, Manchester, M44 5AY","M44 5AY","04109439","26511,
27900,
62090","1.09","5.04","-14.76","-7.84","85.39","91.18","70.37","29.63","63.75","36.25","72.5","27.5","66.25","33.75","https://investors.azenta.com/corporate-governance?l","Olga Pirogova (SVP, CHRO)","250 to 499","AZENTA UK LTD","False","2027/04/05 00:00:00","2026/04/23 15:14:49"
"B.A.BUSH & SON LIMITED","23658","Station Yard, Horncastle, Lincs, LN9 5AQ","LN9 5AQ","00976405","45310","3","6.6","64.2","35.8","90","80","81.8","18.2","92.6","7.4","89.2","10.8","89.2","10.8","","Brett Mayhew (Group Operations Manager)","250 to 499","B.A.BUSH & SON LIMITED","False","2027/04/05 00:00:00","2026/04/09 07:44:25"
"BAKER & BAKER PRODUCTS UK LIMITED","3789","Stadium Road, Bromborough, Wirral, CH62 3NU","CH62 3NU","01478292","10710,
10890","9.02","8.82","19.77","60.47","87.16","78.93","65.4","34.6","72.38","27.62","62.86","37.14","44.94","55.06","","Mark Szulczynski (Head of Shared Service UK)","1000 to 4999","BAKER & BAKER PRODUCTS UK LIMITED","False","2027/04/05 00:00:00","2026/04/27 08:16:40"
"BARONS PUB COMPANY LTD","14722","Albany House, Claremont Lane, Esher, Surrey, KT10 9FQ","KT10 9FQ","03991418","56101","0","0","3.09","9.36","47.83","43.35","50","50","49.57","50.43","49.57","50.43","50.43","49.57","","Clive Price (Director)","500 to 999","BARONS PUB COMPANY LTD","False","2027/04/05 00:00:00","2026/04/08 11:18:45"
"BECKETT'S FOODS LIMITED","1936","Oak House Heyford Close, Aldermans Green, Coventry, West Midlands, CV2 2QB","CV2 2QB","02257171","47220","12.20","1.71","","","0","0","48.76","51.24","60.33","39.67","66.94","33.06","61.98","38.02","","TAMAR BOJGUA (Regional Payroll Manager)","500 to 999","BECKETT'S FOODS LIMITED","False","2027/04/05 00:00:00","2026/05/06 11:47:38"
"BERNARD MATTHEWS FOODS LIMITED","16095","2nd Floor Colmore Court, 9 Colmore Row, Birmingham, United Kingdom, B3 2BJ","B3 2BJ","10036286","10120,
10130","11","2","","","0","0","62","38","61","39","76","24","88","12","","Stephen Maxwell (HR Director)","500 to 999","BERNARD MATTHEWS FOODS LIMITED","False","2027/04/05 00:00:00","2026/04/22 12:08:05"
"BLACK SWAN INTERNATIONAL LIMITED","23","Chiswick House, 3 Christchurch Road, Norwich, Norfolk, England, NR2 2AD, NR2 2AD","NR2 2AD","02621410","87300","6","0","6.6","0","4.5","4","46.9","53.1","0","100","30.2","69.8","22.9","77.1","https://www.blackswan.co.uk/equality","Tom Lyons (Managing Director)","500 to 999","BLACK SWAN INTERNATIONAL LIMITED","False","2027/04/05 00:00:00","2026/04/13 10:13:33"
"BRIGHT FUTURES EDUCATIONAL TRUST","2389","The Hub 144 Irlam Road, Urmston, Manchester, England, M41 6NA","M41 6NA","07695771","85200,
85310","9","22.4","","","0","0","14","86","14","86","18","82","24","76","","","500 to 999","BRIGHT FUTURES EDUCATIONAL TRUST","False","2027/03/31 00:00:00","2026/04/28 10:02:45"
"BRISTAN GROUP LIMITED","2406","1 Park Row, Leeds, West Yorkshire, LS1 5AB","LS1 5AB","01318148","46900","4.8","10.4","-18.8","14.6","9.2","6.2","51.6","48.4","37.1","62.9","51.6","48.4","52.5","47.5","","Hayley Whelan (HR Director)","250 to 499","BRISTAN GROUP LIMITED","False","2027/04/05 00:00:00","2026/04/24 14:44:42"
"Bristol City Council","2410","City Hall, College Green, Bristol, BS1 5TR","BS1 5TR","","1,
84110","3.57","7.03","","","0","0","36","64","37","63","44","56","42","58","","","5000 to 19,999","Bristol City Council","False","2027/03/31 00:00:00","2026/04/13 15:53:23"
"Brownlow Health","55188","70 Pembroke Place, Liverpool, L69 3GF","L69 3GF","","86210","30.6","45.8","","","0","0","22.2","77.8","11.1","88.9","20.8","79.2","44.4","55.6","","Helen Winsland (Finance & HR Partner)","250 to 499","Brownlow Health","False","2027/04/05 00:00:00","2026/05/09 15:01:15"
"BUCHER MUNICIPAL LIMITED","7037","Curtis Road, Dorking, Surrey, RH4 1XF","RH4 1XF","00199841","29100","-1.92","-0.09","27.89","3.40","94.81","93.51","91.89","8.11","82.43","17.57","93.24","6.76","80.41","19.59","https://www.buchermunicipal.com/sites/default/files/2025-gender-pay-gap-report.pdf","Samantha Taylor (HR Director)","500 to 999","BUCHER MUNICIPAL LIMITED","False","2027/04/05 00:00:00","2026/04/07 15:20:46"
"CAMLIN LIMITED","2735","Knockmore Hill Industrial Park, 31 Ferguson Drive, Lisburn, BT28 2EX","BT28 2EX","NI073204","27900","3.2","-6.5","20.36","-14.7","24.7","24.6","76.30","23.7","83.5","16.5","75.3","24.7","78.4","21.6","https://camlingroup.com/about/working-at-camlin","Nuala McDonald (Chief People Officer)","250 to 499","CAMLIN LIMITED","False","2027/04/05 00:00:00","2026/05/05 13:01:22"
"CAPRICE HOLDINGS LIMITED","2812","26-28 Conway Street, London, England, W1T 6BQ","W1T 6BQ","01661349","56101","3.6","0","80.5","1.7","3.7","1.9","66.2","33.8","69.6","30.4","74.1","25.9","64.8","35.2","","Natalie Tait (Chief People Officer)","1000 to 4999","CAPRICE HOLDINGS LIMITED","False","2027/04/05 00:00:00","2026/04/20 14:50:54"
"CAPULA LIMITED","15154","Orion House, Unit 10 Walton Industrial Estate, Stone, Staffordshire, ST15 0LT","ST15 0LT","00953504","62020,
62090","21.6","30.9","4.2","14.6","23.8","19.2","81.4","18.6","81.4","18.6","79.4","20.6","81.4","18.6","","Tracey Elston (HR Dire)","250 to 499","CAPULA LIMITED","False","2027/04/05 00:00:00","2026/04/13 13:23:24"
"CARDEN PARK HOTEL LIMITED","16799","Bridgemere House, Chester Road, Preston Brook, Warrington, Cheshire, WA7 3BD","WA7 3BD","05936631","55100","5.9","0","0","0","100","0","54.01","45.99","54.01","45.99","33.58","66.42","50","50","","Paul Roe (Financial Controller)","500 to 999","CARDEN PARK HOTEL LIMITED","False","2027/04/05 00:00:00","2026/04/21 13:11:39"
"Cascade Multi Academy Trust","21919","Trust Office, Westnall Road, Shiregreen, Sheffield, South Yorkshire, United Kingdom, S5 0AA","S5 0AA","","","17.86","49.09","","","0","0","6.25","93.75","6.17","93.83","12.34","87.66","16.25","83.75","","","250 to 499","Cascade Multi Academy Trust","False","2027/03/31 00:00:00","2026/04/09 09:22:52"
"CELTIC MANOR SERVICE COMPANY LIMITED","28260","Coldra Woods, Newport, Gwent, United Kingdom, NP18 1HQ","NP18 1HQ","10620944","70100","5.10","2.71","40","58.30","35.71","14.73","47.8","52.2","47.8","52.2","49.3","50.7","63.2","36.8","","Julie Hammond (CEO)","250 to 499","CELTIC MANOR SERVICE COMPANY LIMITED","False","2027/04/05 00:00:00","2026/04/08 12:46:48"
"CIRTEQ LIMITED","22508","Hayfield Colne Road, Glusburn, Keighley, West Yorkshire, England, BD20 8QP","BD20 8QP","03062174","25930","15.7","0.0","","","0","0","73.8","26.2","81.5","18.5","70.8","29.2","89.2","10.8","","James Hart (Managing Director)","250 to 499","CIRTEQ LIMITED","False","2027/04/05 00:00:00","2026/04/08 15:18:04"
"CITY & ESSEX LIMITED","16083","1210 London Road, Leigh On Sea, Essex, SS9 2UA","SS9 2UA","01586702","81210","6.06","2.16","53.73","25.00","30.28","28.29","39.11","60.89","36.14","63.86","44.55","55.45","58.13","41.87","","WENDY DOVE (PAYROLL MANAGER)","500 to 999","CITY & ESSEX LIMITED","False","2027/04/05 00:00:00","2026/04/17 12:12:02"
"City Of Bath College","3289","Avon Street, Bath, Avon, United Kingdom, BA1 1UP","BA1 1UP","","1,
85320","4.28","7.77","100","100","0.6","0","39.8","60.2","34.4","65.6","43","57","40.4","59.6","https://www.bathcollege.ac.uk/about/leadership-and-governance","","250 to 499","City Of Bath College","False","2027/03/31 00:00:00","2026/04/01 12:29:10"
"COLLINS EARTHWORKS LIMITED","19130","Collins Earthworks Limited, Whiteley Road, Ripley, Derbyshire, England, DE5 3QL","DE5 3QL","04083989","43110,
43120,
77320","25.11","29.62","44.96","32.09","99.21","92.31","75.93","24.07","86.11","13.89","93.52","6.48","96.16","3.84","https://www.collinsearthworks.co.uk/","Mary wharmby (HR Director)","250 to 499","COLLINS EARTHWORKS LIMITED","False","2027/04/05 00:00:00","2026/05/14 10:14:12"
"COMMUNITY GATEWAY ASSOCIATION LIMITED","19933","","","IP29838R","","-1.22","8.18","","","0","0","57","43","81","19","45","55","59","41","https://www.communitygateway.co.uk/equality-diversity-inclusion","Caroline Parr (Head of Culture and Engagement)","250 to 499","COMMUNITY GATEWAY ASSOCIATION LIMITED","False","2027/04/05 00:00:00","2026/04/21 16:09:03"
"CONTRACT SERVICES (WOLVERHAMPTON & WREKIN) LIMITED","3534","Unit B3, Halesfield 11, Telford, Shropshire, TF7 4PH","TF7 4PH","03231298","81210","15.73","12.70","","","0","0","16","84","17","83","19","81","22","78","","Corina Dennis (Managing Director)","500 to 999","CONTRACT SERVICES (WOLVERHAMPTON & WREKIN) LIMITED","False","2027/04/05 00:00:00","2026/05/11 12:52:47"
"COOMBE ACADEMY TRUST","12299","C/O Coombe Boys School College Gardens, Blakes Lane, New Malden, Surrey, KT3 6NU","KT3 6NU","07905433","85310","17.8","39.9","","","0","0","16.3","83.7","9.0","91.0","19.3","80.7","32.8","67.2","","","500 to 999","COOMBE ACADEMY TRUST","False","2027/03/31 00:00:00","2026/05/06 15:05:24"
"COUNTRY COURT CARE HOMES 2 LIMITED","3629","C/O Duncan & Toplis Limited Enterprise Way, Pinchbeck, Spalding, Lincolnshire, England, PE11 3YR","PE11 3YR","09020971","87100,
87300","0.53","0","","","0","0","21.24","78.76","42.67","57.33","43.75","56.25","20","80","","David Gardner (Head of Finance)","1000 to 4999","COUNTRY COURT CARE HOMES 2 LIMITED","False","2027/04/05 00:00:00","2026/04/08 15:45:46"
"COUNTRY COURT CARE HOMES 3 OPCO LIMITED","19046","C/O Duncan & Toplis Limited Enterprise Way, Pinchbeck, Spalding, Lincolnshire, England, PE11 3YR","PE11 3YR","09784762","87100,
87300","-4.8","0","","","0","0","25.49","74.51","25","75","66.67","33.33","0","100","","David Gardner (Head of Finance)","250 to 499","COUNTRY COURT CARE HOMES 3 OPCO LIMITED","False","2027/04/05 00:00:00","2026/04/08 15:52:52"
"COUNTRY COURT CARE HOMES LIMITED","3630","C/O Duncan & Toplis Limited Enterprise Way, Pinchbeck, Spalding, Lincolnshire, England, PE11 3YR","PE11 3YR","03253377","87100,
87300,
88990","5.49","0","","","0","0","21.07","78.93","50","50","75","25","36.84","63.16","https://cccg365.sharepoint.com/sites/Intranet/Marketing","David Gardner (Head of Finance)","250 to 499","COUNTRY COURT CARE HOMES LIMITED","False","2027/04/05 00:00:00","2026/04/08 15:31:34"
"CRANSTOUN","20642","Tuition House 1st Floor North Wing, 27-37 St George's Road, London, United Kingdom, SW19 4EU","SW19 4EU","03306337","86900,
87200,
88990","19.3","1.9","88.6","0","1.9","4.9","32.1","67.9","27.9","72.1","24.3","75.7","26.4","73.6","https://cranstoun.sharepoint.com/:w:/r/sites/PeopleTeam-PeopleLeadershipTeam/Shared%20Documents/Gender%20Pay%20Gap%20Report/Gender%20Pay%20Gap%20statement%20and%20report%202025.docx?d=we01e11e6fc3a4579b5d1b31adca77bd4&csf=1&web=1&e=ha2HbO","Elena Laguna (Interim Director of People & Culture)","500 to 999","CRANSTOUN","False","2027/04/05 00:00:00","2026/05/12 08:54:44"
"CREW CLOTHING CO. LIMITED","3726","The Drapery, Kingston Hall Road, Kingston Upon Thames, England, KT1 2BQ","KT1 2BQ","03265824","47710","-6","94","-6","94","35","65","9.4","90.6","10.9","89.1","26.1","73.9","88","12","","Rupert Hay (HRD)","1000 to 4999","CREW CLOTHING CO. LIMITED","False","2027/04/05 00:00:00","2026/04/15 13:56:57"
"CROUD INC LTD","22614","Cannon Place, 78 Cannon Street, London, England, EC4N 6AF","EC4N 6AF","07542498","70210","17.9","14.57","","","0","0","38.5","61.5","36.4","63.6","45.5","54.5","52.3","47.7","","Sophie Perks (Head of People Operations, EMEA)","250 to 499","CROUD INC LTD","False","2027/04/05 00:00:00","2026/04/09 12:32:50"
"CROWN PAYROLL SERVICES LTD","54924","Top Floor, 108 Bradshawgate, Leigh, United Kingdom, WN7 4NP","WN7 4NP","09765457","69201,
69202,
78300","-39.8","-39.8","-16","-16","50","100","100","0","0","100","100","0","0","100","https://www.crownpayrollservices.co.uk/commitments","Dean Ainslie (Founder/CEO)","Less than 250","CROWN PAYROLL SERVICES LTD","False","2027/04/05 00:00:00","2026/04/28 18:58:49"
"DUSK (RETAIL) LIMITED","54363","The Small Mill, Chadwick Street, Leeds, England, LS10 1LJ","LS10 1LJ","10362653","47910","2","0","","","0","0","41","59","73","27","72","28","39","61","","Max Jones (CFO)","250 to 499","DUSK (RETAIL) LIMITED","False","2027/04/05 00:00:00","2026/04/14 10:00:22"
"East Devon District Council","4384","Blackdown House, Border Road, Heathpark Industrial Estate, Honiton, United Kingdom, EX14 1EJ","EX14 1EJ","","1,
84110","2.84","2.60","","","0","0","56","44","39","61","37","63","60","40","","","500 to 999","East Devon District Council","False","2027/03/31 00:00:00","2026/04/11 12:29:18"
"EDGE VIEW HOMES LIMITED","15218","Natwest Chambers, High Street, Cradley Heath, England, B64 5HJ","B64 5HJ","03852350","87100,
87900","-1.01","0","","","0","0","51.3","48.7","61.3","38.7","32","68","54.7","45.3","","Stephen Quinn (Chief Executive)","250 to 499","EDGE VIEW HOMES LIMITED","False","2027/04/05 00:00:00","2026/04/14 07:58:54"
"EDWARDS COACHES LIMITED","4505","The Courtyard Parc Busnes Edwards, Llantrisant, Pontyclun, Wales, CF72 8QZ","CF72 8QZ","04045308","79120","8.71","14.33","5.30","3.38","54.06","27.52","64.41","35.59","90.76","9.24","89.92","10.08","91.53","8.47","https://edwardscoaches.co.uk/","Tonia Gilasbey (Human Resource Manager)","250 to 499","EDWARDS COACHES LIMITED","False","2027/04/05 00:00:00","2026/04/06 23:13:22"
"ENGIE RENEWABLE GASES UK LIMITED","53703","Broadgate Tower Floor 4, 20 Primrose Street,, London, England, EC2A 2EW","EC2A 2EW","10895324","74909","2.04","-35.86","43.31","8.45","84.09","100","91.67","8.33","91.67","8.33","92.31","7.69","81.82","18.18","https://www.engie.co.uk/gender-pay-gap/","Jay Chowdhury (Chief HR Officer)","Less than 250","ENGIE RENEWABLE GASES UK LIMITED","False","2027/04/05 00:00:00","2026/04/08 08:34:45"
"ETHOS FARM LIMITED","23283","2 Crossways Business Centre, Bicester Road, Kingswood, Aylesbury, England, HP18 0RA","HP18 0RA","10378647","82990","0","0","-13.1","6.25","26","24","56","44","52","48","32","68","54","46","","Maria Honey (HR Operations Manager)","500 to 999","ETHOS FARM LIMITED","False","2027/04/05 00:00:00","2026/04/29 10:14:59"
"EUROCLAD GROUP LIMITED","54627","Severnside House, St. Mellons Business Park, Fortran Road, Cardiff, Wales, CF3 0EY","CF3 0EY","01502586","25990","-2.1","-13.7","0","0","100","100","93.8","6.2","43.5","56.5","66.7","33.3","77.3","22.7","","Stacey White (HR Manager)","250 to 499","EUROCLAD GROUP LIMITED","False","2027/04/05 00:00:00","2026/04/17 14:22:37"
"F.HINDS LIMITED","4875","24 Park Road, Uxbridge, Middlesex, UB8 1NH","UB8 1NH","00149328","47789","25.60","2.77","57.91","27.69","94.47","95.60","20.26","79.74","11.16","88.84","15.88","84.12","38.20","61.80","https://www.fhinds.co.uk/about-us/our-principles/statutory-reporting/gender-pay-gap?searchterm=gender+pay+gap&searchterm_submit=Go","Stephen Cornwall (Finance Director)","1000 to 4999","F.HINDS LIMITED","False","2027/04/05 00:00:00","2026/04/16 09:10:52"
"FENNIES DAY NURSERIES  LIMITED","14933","1a Hook Road, Epsom, Surrey, KT19 8TH","KT19 8TH","05088188","41100,
85100","40.45","15.63","74.92","80","24.44","12.23","2.33","97.67","5.81","94.19","4.62","95.38","13.29","86.71","https://www.fennies.com/","Jamie Atkins (Head of People)","500 to 999","FENNIES DAY NURSERIES  LIMITED","False","2027/04/05 00:00:00","2026/05/01 09:36:08"
"FOLKESCARE LIMITED","23691","Unit 2-9 The Old Coach House, Bow Street, Guisborough, England, TS14 6PR","TS14 6PR","06661720","88100","-1.62","-0.21","","","0","0","11.64","88.36","0","100","15.38","84.62","0","100","","Michelle Jackson (Managing Director)","250 to 499","FOLKESCARE LIMITED","False","2027/04/05 00:00:00","2026/05/12 10:36:32"
"GAFOOR PURE HALAL LTD","16339","5 Fletcher Road, Preston, Lancashire, England, PR1 5AJ","PR1 5AJ","07876663","10120,
10130","1","0","","","0","0","67","33","83","17","66","34","82","18","","Riaz Mahmud (Payroll Administrator)","250 to 499","GAFOOR PURE HALAL LTD","False","2027/04/05 00:00:00","2026/04/09 10:22:52"
"GENERAL TRAFFIC LIMITED","5447","Rutland Mill, Adelaide Street, Bolton, United Kingdom, BL3 3NY","BL3 3NY","01730603","45310","3.5","0.0","6.2","25","65.8","70.9","87.9","12.1","87.28","12.72","85.06","14.94","90.17","9.83","","Sonal Chauhan (HR Manager)","500 to 999","GENERAL TRAFFIC LIMITED","False","2027/04/05 00:00:00","2026/05/07 12:54:22"
"GERRY`S OFFSHORE INCORPORATIONS LIMITED","5478","Gerrys Offshore Inc Ltd Costa, 86 High Street, Maidenhead, Berks, SL6 1PT","SL6 1PT","05192827","56102,
82990","7.2","9.3","","","0","0","36","64","56.2","43.8","15","85","30","70","","TRILOK SEEBUNDHUN (GENERAL MANAGER)","250 to 499","GERRY`S OFFSHORE INCORPORATIONS LIMITED","False","2027/04/05 00:00:00","2026/04/07 11:24:55"
"GROSVENOR FACILITIES MANAGEMENT LIMITED","5749","4 Greengate, Cardale Park, Harrogate, England, HG3 1GY","HG3 1GY","03089465","96090","32.76","10.64","42.10","0","12.24","4.55","22","78","29","71","43","57","80","20","","Kimberly Jackson (Senior HR Business Partner)","500 to 999","GROSVENOR FACILITIES MANAGEMENT LIMITED","False","2027/04/05 00:00:00","2026/04/15 11:53:30"
"HALA LIMITED","5863","Hala House, 12-16 York Road, Maidenhead, Berkshire, England, SL6 1SF","SL6 1SF","03068625","56103","-1.58","-3.03","1.1","17.37","55","46","67.5","32.5","85.2","14.8","67.7","32.3","68.3","31.7","","Saneeta Jalaf (Head of HR)","1000 to 4999","HALA LIMITED","False","2027/04/05 00:00:00","2026/05/04 10:48:30"
"HCAT","19426","Hcat, Unit 7 Dodworth Business Park, Dodworth, Barnsley, England, S75 3SP","S75 3SP","08654591","85200","22","32","","","0","0","30","70","19","81","17","83","30","70","","Victoria Harrison (Deputy CEO)","500 to 999","HCAT","False","2027/04/05 00:00:00","2026/04/09 13:06:41"
"HERON FOODS LIMITED","6121","The Vault Dakota Drive, Estuary Commerce Park, Speke, Liverpool, L24 8RJ","L24 8RJ","01392197","47110","10.9","1.3","44.1","72.2","26.2","4.7","35.3","64.7","23.8","76.2","30.4","69.6","55.7","44.3","","Tony Dobbs (Managing Director)","5000 to 19,999","HERON FOODS LIMITED","False","2027/04/05 00:00:00","2026/05/14 09:46:50"
"HIGH SEAT LIMITED","6173","Units 1-3a Grange Road Industrial Estate, Grange Road, Batley, West Yorkshire, United Kingdom, WF17 6LN","WF17 6LN","00916661","47599,
47749","15.7","8.5","31.7","24.9","83","79","25","75","29","71","40","60","59","41","https://www.hslchairs.com/gender-pay-gap-report","Ben Waters (Chief Executive Officer)","250 to 499","HIGH SEAT LIMITED","False","2027/04/05 00:00:00","2026/05/05 11:21:33"
"Hinchley Wood Learning Partnership","21151","Hinchley Wood Learning Partnership, Claygate Lane, Hinchley Wood, Surrey, KT10 0AQ","KT10 0AQ","","","19.1","34.2","","","0","0","14","86","14","86","16","84","32","68","","","250 to 499","Hinchley Wood Learning Partnership","False","2027/03/31 00:00:00","2026/03/31 11:53:30"
"HOMELOAN MANAGEMENT LIMITED","6274","Harman House, 1 George Street, Uxbridge, London, England, UB8 1QQ","UB8 1QQ","02214839","64999","22.9","-1.77","","","0","0","31.75","68.25","36.50","63.50","47.60","52.40","50.79","49.21","","Catherine Weir (HRBP)","250 to 499","HOMELOAN MANAGEMENT LIMITED","False","2027/04/05 00:00:00","2026/05/11 15:54:15"
"HOWARD GARAGES (WESTON) LIMITED","6340","Herluin Way, Weston Super Mare, North Somerset, BS23 3YX","BS23 3YX","01108986","45111,
45112,
45200,
45320","23","22","57","53","89","94","63","37","66","34","93","7","85","15","https://www.howardsgroup.co.uk/assets/media/gender%20pay%20gap%20as%20at%205%20april%20202514052025-15161323092025-115423.pdf","Mark Eggar (Chief Financial Officer)","250 to 499","HOWARD GARAGES (WESTON) LIMITED","False","2027/04/05 00:00:00","2026/04/27 09:40:55"
"HSL COMPLIANCE LTD","21137","Alton House Alton Business Park, Alton Road, Ross-On-Wye, Herefordshire, HR9 5BP","HR9 5BP","02425951","36000","24.40","23.67","","","0","0","55.79","44.21","85.26","14.74","89.47","10.53","93.68","6.32","https://hslcompliance.com/","Gavin Hartley (CEO)","500 to 999","HSL COMPLIANCE LTD","False","2027/04/05 00:00:00","2026/04/08 08:10:28"
"Hurst Education Trust Ltd","24861","College Lane, Hurstpierpoint, West Sussex, BN6 9JS","BN6 9JS","","","21.4","0.9","","","0","0","4","96","15","85","9","91","16","84","","","500 to 999","Hurst Education Trust Ltd","False","2027/03/31 00:00:00","2026/04/16 11:15:56"
"IBSTOCK PLACE SCHOOL","23209","Clarence Lane, Roehampton, London, SW15 5PY","SW15 5PY","07847467","85200,
85310","-1","-14","0","0","3","4","45","55","40","60","49","51","46","54","","John Hutchinson (Bursar)","250 to 499","IBSTOCK PLACE SCHOOL","False","2027/04/05 00:00:00","2026/04/30 12:37:15"
"INTELLIGENT WORKPLACE SOLUTIONS LTD","17647","Unit 201, Second Floor Metroline House, 118-122 College Road, Harrow, Middlesex, United Kingdom, HA1 1BQ","HA1 1BQ","03737792","81100,
81210,
81221,
81222","3.8","0.0","98.7","1.3","3.8","3.1","33.7","66.3","22.5","77.5","22.5","77.5","26","74","https://35dc3001-ff21-47a7-8dbf-9f63e7cbef03.filesusr.com/ugd/268e54_5e93cd25818e41c58be8019a91d62c6a.pdf","Amber Jones (Head of People)","500 to 999","INTELLIGENT WORKPLACE SOLUTIONS LTD","False","2027/04/05 00:00:00","2026/04/09 10:22:43"
"INTELLING LTD.","17399","Southmoor House Southmoor Road, Wythenshawe, Manchester, M23 9XD","M23 9XD","08157548","82200","9.8","3.1","28.20","42.5","24","17","61","39","57","43","55","45","69","31","","Catie O'Mahoney (HR Director)","Less than 250","INTELLING LTD.","False","2027/04/05 00:00:00","2026/04/07 13:49:45"
"Ipswich School","488","25 Henley Road, Ipswich, IP1 3SG","IP1 3SG","","","19.96","30.54","","","0","0","18","82","24","76","45","55","38","62","","M Vince (Director of HR)","250 to 499","Ipswich School","False","2027/04/05 00:00:00","2026/05/13 15:23:06"
"J & J WILSON (SHOPS) LIMITED","17879","Driftwood Lodge, 36a Old Hunstanton Road, Hunstanton, Norfolk, PE36 6HS","PE36 6HS","03496955","47110","-1.42","-1.85","47.52","0","28.51","26.4","42.22","57.78","33.33","66.67","30","70","33.33","66.67","","Shelly Smith (Head of Finance)","250 to 499","J & J WILSON (SHOPS) LIMITED","False","2027/04/05 00:00:00","2026/05/13 13:46:16"
"JAMES DAWSON & SON,LIMITED","371","Campbell Road, Stoke-On-Trent, Staffordshire, England, ST4 4EY","ST4 4EY","00047152","25620","-5.7","-2.7","-140.2","-393.2","81.0","82.8","78.7","21.3","92.1","7.9","79.8","20.2","77.5","22.5","https://www.fenner.com/uk-gender-pay-report","John Smith (HR Manager)","250 to 499","JAMES DAWSON & SON,LIMITED","False","2027/04/05 00:00:00","2026/04/29 10:14:20"
"JMK BUSINESS SOLUTIONS LIMITED","6984","Highbridge House, 93-96 Oxford Road, Uxbridge, Middlesex, UB8 1LU","UB8 1LU","06946004","82990","14.77","14.59","","","0","0","91","9","78","22","88","12","92.50","7.50","https://jmkgroupuk.com/gender-pay-gap-data/","Sergei Ermack (CEO)","1000 to 4999","JMK BUSINESS SOLUTIONS LIMITED","False","2027/04/05 00:00:00","2026/05/05 13:39:05"
"KONECRANES DEMAG UK LIMITED","7358","Unit 1, Charter Point Way, Ashby Business Park, Ashby-De-La-Zouch, Leicesterhsire, United Kingdom, LE65 1NF","LE65 1NF","00969869","28220,
33190,
33200","12.0","3.2","-35.1","-163.7","85.79","93.67","72.9","27.1","86.9","13.1","86.9","13.1","82.1","17.9","https://www.konecranes.com/en-gb/about-konecranes","Richard Beats (UK Payroll Manager)","250 to 499","KONECRANES DEMAG UK LIMITED","False","2027/04/05 00:00:00","2026/04/27 10:52:50"
"Leeds College Of Building","7530","North Street, Leeds, West Yorkshire, United Kingdom, LS2 7QT","LS2 7QT","","1,
85320","11.92","22.57","","","0","0","46.39","53.61","58.76","41.24","88.66","11.34","59.79","40.21","","","250 to 499","Leeds College Of Building","False","2027/03/31 00:00:00","2026/04/16 11:00:19"
"LIBERTY RETAIL LIMITED","7616","210-220 Regent Street Mayfair, London, W1B 5AH","W1B 5AH","00042342","70100","14.8","4.8","35.5","32","31.9","33.4","25.41","74.59","26.45","73.55","33.06","66.94","31.97","68.03","","William Le Clerc (Chief People Officer)","500 to 999","LIBERTY RETAIL LIMITED","False","2027/04/05 00:00:00","2026/04/10 10:48:44"
"Local Government Association","14676","18 Smith Square, London, SW19 3HZ","SW19 3HZ","","1","9.53","18.19","","","0","0","28","72","32","68","42","58","48","52","","","500 to 999","Local Government Association","False","2027/03/31 00:00:00","2026/04/21 15:54:52"
"LOW CARBON CONTRACTS COMPANY LTD","51756","10 South Colonnade, London, England, E14 4PU","E14 4PU","08818711","74909","5.93","1.54","33.37","23.65","62.5","65.19","54","46","50","50","48","52","62","38","","Lyndsey Jell (Interim Chief People Officer)","250 to 499","LOW CARBON CONTRACTS COMPANY LTD","False","2027/04/05 00:00:00","2026/05/13 11:39:57"
"LUCID GROUP COMMUNICATIONS LIMITED","22154","Sea Containers House 6th Floor, 22 Upper Ground, London, England, SE1 9PD","SE1 9PD","09212331","70210","9.82","12.19","-0.59","0","52.63","47.37","28.57","71.43","20.31","79.69","28.1","71.9","31.25","68.75","","Olivia Emirali (Group Head of Insights and Initiatives)","250 to 499","LUCID GROUP COMMUNICATIONS LIMITED","False","2027/04/05 00:00:00","2026/04/13 11:59:50"
"LUMEN CHRISTI CATHOLIC MULTI ACADEMY COMPANY","7901","St Thomas Aquinas Catholic School, Wychall Lane, Birmingham, B38 8AP","B38 8AP","09471525","85100,
85200,
85310","19.54","31.33","","","0","0","6","94","14.7","85.3","18.7","81.3","35.1","64.9","","","250 to 499","LUMEN CHRISTI CATHOLIC MULTI ACADEMY COMPANY","False","2027/03/31 00:00:00","2026/04/17 14:03:46"
"MILEWOOD HEALTHCARE LTD","54792","4 Sidings Court, Doncaster, South Yorkshire, United Kingdom, DN4 5NU","DN4 5NU","04584055","87100,
87200,
87300,
88990","6.09","0","75.87","42","3.89","5.94","34.17","65.83","34.17","65.83","23.10","76.90","26.26","73.74","https://milewood.co.uk/wp-content/uploads/2026/04/Gender-Pay-Report-010426.pdf","Dan Blackith (Director of People & Culture)","250 to 499","MILEWOOD HEALTHCARE LTD","False","2027/04/05 00:00:00","2026/04/21 11:17:17"
"MOORCROFT GROUP PUBLIC LIMITED COMPANY","8622","Moorcroft House, No.2 Spring Gardens, Stockport, SK1 4AA","SK1 4AA","01704109","64999","16.18","2.62","","","0","0","46.39","53.61","45.36","54.64","40.21","59.79","62.24","37.76","","Amanda Martin-McRoberts (Director)","250 to 499","MOORCROFT GROUP PUBLIC LIMITED COMPANY","False","2027/04/05 00:00:00","2026/05/11 11:25:58"
"MORAN LOGISTICS LIMITED","8626","Moran House, Arundel Avenue, Castle Donington, Derbyshire, England, DE74 2HJ","DE74 2HJ","05589050","49410","1.25","9.86","","","0","0","80","20","76","24","94","6","89","11","https://www.moranlogistics.co.uk/gender-pay-gap-reports/","Jayne Hall (Chief People Officer)","500 to 999","MORAN LOGISTICS LIMITED","False","2027/04/05 00:00:00","2026/04/28 13:06:50"
"MULALLEY & CO. LIMITED","8706","Teresa Gavin House, Woodford Avenue, Woodford Green, Essex, IG8 8FA","IG8 8FA","01534913","41201,
41202","21.7","37.0","37.8","36.3","61.2","65.5","57.4","42.6","70.5","29.5","9.9","90.1","87.9","12.1","https://www.mulalley.co.uk/training.html","Junaid Iqbal (Group Financial Controller)","250 to 499","MULALLEY & CO. LIMITED","False","2027/04/05 00:00:00","2026/04/07 16:14:21"
"NEOVIA LOGISTICS SERVICES (U.K.) LIMITED","8861","Unit 4 Logix Park Industrial Estate, Watling Street, Hinckley, Leicestershire, England, LE10 3BQ","LE10 3BQ","02136514","52103","8.75","3.23","36.95","28.00","84","83","54","46","63","37","73","27","66","34","","cathy shadforth (payroll manager)","250 to 499","NEOVIA LOGISTICS SERVICES (U.K.) LIMITED","False","2027/04/05 00:00:00","2026/04/27 13:23:46"
"NEWBURY ACADEMY TRUST","54957","Trinity School, Love Lane, Newbury, RG14 2DU","RG14 2DU","","","21.37","39.9","","","0","0","6.2","93.8","19.1","80.9","23.4","76.6","36.5","63.5","","","250 to 499","NEWBURY ACADEMY TRUST","False","2027/03/31 00:00:00","2026/05/04 17:22:52"
"NHS Bath and North East Somerset, Swindon and Wiltshire Clinical Commissioning Group","20678","NHS Bath and North East Somerset, Swindon and Wiltshire Clinical Commissioning Group","","","","23.7","20","","","0","0","6","94","20","80","29","71","36","64","","","250 to 499","NHS Bath and North East Somerset, Swindon and Wiltshire Clinical Commissioning Group","False","2027/03/31 00:00:00","2026/04/14 09:49:16"
"NHS Somerset Clinical Commissioning Group","19653","Wynford House, Lufton Way, Lufton, Yeovil, Somerset, UK, BA22 8HR","BA22 8HR","","1","21.87","23.72","","","0","0","15","85","5.26","94.74","22.78","77.22","28.74","71.26","","","250 to 499","NHS Somerset Clinical Commissioning Group","False","2027/03/31 00:00:00","2026/04/02 09:04:41"
"NOMASE SUPPORTED LIMITED","54396","64 Floathaven Close, London, United Kingdom, SE28 8SN","SE28 8SN","11356994","86102","4","3","12.50","12.50","12.50","12.50","47","53","48","52","44","56","45.50","54.50","https://www.nomase.co.uk","Victor Isibor (Director)","Less than 250","NOMASE SUPPORTED LIMITED","False","2027/04/05 00:00:00","2026/05/08 12:27:24"
"NORTHUMBERLAND CHURCH OF ENGLAND ACADEMY TRUST","12488","Wansbeck Workspace Office, Rotary Parkway, Ashington, England, NE63 8QZ","NE63 8QZ","06653439","85100,
85200,
85310,
85320","35.7","52.9","","","0","0","3.1","96.9","7","93","17.1","82.9","21.1","78.9","","","500 to 999","NORTHUMBERLAND CHURCH OF ENGLAND ACADEMY TRUST","False","2027/03/31 00:00:00","2026/03/31 11:00:49"
"NUCLEUS (GB) LIMITED","9225","Fusion House 1 Plains Road, Plains Farm, Sunderland, Tyne & Wear, England, SR3 1SL","SR3 1SL","04546362","56102","-2.16","-0.24","7.95","11.75","10.83","15.51","52","48","55","45","64","36","52","48","","Jasper Maudsley (Managing Director)","500 to 999","NUCLEUS (GB) LIMITED","False","2027/04/05 00:00:00","2026/05/07 15:26:58"
"ODYSSEY ADVANTAGE SERVICES LIMITED","14409","Harman House, 1 George Street, Uxbridge, London, England, UB8 1QQ","UB8 1QQ","02430258","78300","18.92","11.27","","","0","0","32.42","67.58","30.77","69.23","39.01","60.99","52.75","47.25","","Catherine Weir (HRBP)","500 to 999","ODYSSEY ADVANTAGE SERVICES LIMITED","False","2027/04/05 00:00:00","2026/05/11 16:59:23"
"OPTEGRA UK LIMITED","16979","7 The Technology Park, Colindeep Lane, London, United Kingdom, NW9 6BX","NW9 6BX","05846041","86101","25.89","25.74","42.84","38.46","4.38","3.68","14.63","85.37","17.18","82.82","15.85","84.15","36.42","63.58","","James Strudwick (Head of HR)","250 to 499","OPTEGRA UK LIMITED","False","2027/04/05 00:00:00","2026/05/01 16:01:01"
"ORIAN SOLUTIONS LIMITED","9428","Stocklund House, Castle Street, Carlisle, Cumbria, England, CA3 8SY","CA3 8SY","08237164","81100","9.81","0.81","99.51","98.84","2.11","0.24","11.74","88.26","12.55","87.45","13.36","86.64","19.83","80.17","https://www.orian.co.uk","Oliver Stewart (Payroll Manager)","500 to 999","ORIAN SOLUTIONS LIMITED","False","2027/04/05 00:00:00","2026/04/21 08:12:13"
"PARK HOMES (UK) LIMITED","9577","7c Fairfax House Cottingley Business Park, Bingley, Bradford, England, BD16 1PE","BD16 1PE","03349379","82990","2.79","2.37","","","0","0","20","80","16","84","18","82","17","83","","Amjad Hussain (Payroll)","1000 to 4999","PARK HOMES (UK) LIMITED","False","2027/04/05 00:00:00","2026/04/08 16:09:59"
"POSSABILITIES C.I.C.","17737","Cherwell Centre, Cherwell Avenue, Heywood, Lancashire, OL10 4SY","OL10 4SY","08837981","87200,
88100,
88990","-3.17","0","","","0","0","25.33","74.67","40","60","20.67","79.33","20","80","","Freya Bleakley (People Director)","500 to 999","POSSABILITIES C.I.C.","False","2027/04/05 00:00:00","2026/04/16 14:18:27"
"RUDOLPH & HELLMANN AUTOMOTIVE LIMITED","10694","Charter House, Sandford Street, Lichfield, Staffordshire, England, WS13 6QA","WS13 6QA","03881895","52219","0.57","0.00","18.38","0.00","35.90","27.10","78.70","21.30","85.10","14.90","91.70","8.30","81.00","19.00","https://www.rh-automotive.co.uk/download/clientfiles/files/RHA%20Gender%20Pay%20Gap%20Reporting%20Summary%202025-26.pdf","Paul Brown (Finance Director)","500 to 999","RUDOLPH & HELLMANN AUTOMOTIVE LIMITED","False","2027/04/05 00:00:00","2026/05/12 09:48:51"
"SAFEHANDS RECRUITMENT LTD","16885","Manor Park Place Rutherford Way, Swindon Village, Cheltenham, England, GL51 9TU","GL51 9TU","08344417","78200","-24","-0.6","-364","-3090","9","10","46","54","47","53","43","57","39","61","https://www.safehandsrecruitment.co.uk/","Rina Cresswell (Payroll Manager)","500 to 999","SAFEHANDS RECRUITMENT LTD","False","2027/04/05 00:00:00","2026/05/11 16:10:22"
"SALTROCK SURFWEAR LIMITED","21631","The Drapery, Kingston Hall Road, Kingston Upon Thames, England, KT1 2BQ","KT1 2BQ","11518832","47710","5.1488","2.6563","","","0","0","19.1667","80.8333","21.8487","78.1513","30.2521","69.7479","34.46","65.54","","Lisa Knowles (Head of Human Resources)","500 to 999","SALTROCK SURFWEAR LIMITED","False","2027/04/05 00:00:00","2026/04/21 15:31:01"
"SCAPES GROUP LIMITED","22680","Scapes Group Ltd Coles Lane, Ockley, Dorking, Surrey, England, RH5 5HW","RH5 5HW","12496684","64209","-1","2","37","-23","7","8","72","28","72","28","72","28","71","29","","Daryl Goldring (Managing Director)","250 to 499","SCAPES GROUP LIMITED","False","2027/04/05 00:00:00","2026/05/12 12:55:04"
"SHARE MULTI ACADEMY TRUST","14572","Shelley College Huddersfield Road, Shelley, Huddersfield, HD8 8NL","HD8 8NL","07729878","85310","16.1","28.2","","","0","0","13","87","26","74","26","74","38","62","","","500 to 999","SHARE MULTI ACADEMY TRUST","False","2027/03/31 00:00:00","2026/04/20 10:34:22"
"SMARTWORK.COM LTD","6","Whitefriars, Lewins Mead, Bristol, BS1 2NT","BS1 2NT","04207299","82990","12.75","15.98","12.75","15.96","62","38","48.97","51.03","38.07","61.93","77.66","22.34","84.24","15.76","https://www.smartwork.com/gender-pay-statement/","Neil Kane (Manager)","500 to 999","SMARTWORK.COM LTD","False","2027/04/05 00:00:00","2026/04/14 12:39:33"
"SMO SERVICES LIMITED","21991","19 Park Road, Lytham St. Annes, Lancashire, United Kingdom, FY8 1PW","FY8 1PW","09520377","82990","14","16.7","","","0","0","47.9","52.1","41.4","58.6","23.7","76.3","33.7","66.3","","Mark Dale (CEO)","250 to 499","SMO SERVICES LIMITED","False","2027/04/05 00:00:00","2026/04/28 19:13:52"
"SOLERA GLOBAL TECHNOLOGY LIMITED","22428","8a, Platform, New Station Street, Leeds, United Kingdom, LS1 4JB","LS1 4JB","11909808","62090","19.16","29.20","35.70","28.57","67.82","75.12","52","48","73","27","81","19","75","25","","AMANDA JAYNE HARDCASTLE (HRBP Director)","250 to 499","SOLERA GLOBAL TECHNOLOGY LIMITED","False","2027/04/05 00:00:00","2026/04/07 11:46:28"
"South Cumbria Multi Academy Trust","54462","Chetwynde School,, Rating Lane, Barrow-In-Furness, Cumbria, United Kingdom, LA13 0NY","LA13 0NY","","","16.5","11.2","","","0","0","7.7","92.3","8.3","91.7","28.6","71.4","29.4","70.6","https://www.scmat.org.uk/about-us/governance/statutory-documents/","","250 to 499","South Cumbria Multi Academy Trust","False","2027/03/31 00:00:00","2026/04/13 10:45:23"
"ST CHAD'S ACADEMIES TRUST","11547","C/O Birchills Ce Community Academy, Farringdon Street, Walsall, West Midlands, England, WS2 8NF","WS2 8NF","08526973","85600,
94910","20.21","33.41","","","0","0","6.51","93.49","10.65","89.35","15.98","84.02","20.12","79.88","","","500 to 999","ST CHAD'S ACADEMIES TRUST","False","2027/03/31 00:00:00","2026/04/15 08:04:25"
"STANDARD OFFICE CLEANING (UK) LIMITED","17721","1b Bethwin Road, London, England, SE5 0SN","SE5 0SN","04746094","81210","7.2","1.2","57.3","1.2","6.1","1.9","30","70","36","64","38","62","47","53","","Lauren Kyrke-Smith (Head of Central Operations)","1000 to 4999","STANDARD OFFICE CLEANING (UK) LIMITED","False","2027/04/05 00:00:00","2026/04/07 15:18:46"
"STATESIDE FOODS LIMITED","11672","Direct House Lancaster Way, Westhoughton, Bolton, England, BL5 3XY","BL5 3XY","02431656","10890","3.17","3.54","-44.9","20.8","1.80","2.26","55.95","44.05","80.32","19.68","76.45","23.55","73.23","26.77","","Ruth Simpson (Managing Director)","1000 to 4999","STATESIDE FOODS LIMITED","False","2027/04/05 00:00:00","2026/04/20 13:12:24"
"STEWARTS OF TAYSIDE LIMITED","11715","Tofthill, Glencarse, Perth, PH2 7LS","PH2 7LS","SC109136","1110,
1130","10.6","0","4.1","-20.7","63.2","71.1","71","29","70","30","82","18","87","13","","Douglas Baxter (Finance Director)","250 to 499","STEWARTS OF TAYSIDE LIMITED","False","2027/04/05 00:00:00","2026/04/07 13:43:58"
"SUMITOMO MITSUI TRUST BANK, LIMITED","54825","3rd Floor, London, 155 Bishopsgate, EC2M 3XU","EC2M 3XU","BR000405","","28","22.4","22.8","17.1","95.3","91.1","53.7","46.3","35.8","64.2","59.7","40.3","73.1","26.9","","Robert Parkinson (Head of Human Resources)","250 to 499","SUMITOMO MITSUI TRUST BANK, LIMITED","False","2027/04/05 00:00:00","2026/04/24 11:27:03"
"Tavistock And Portman Nhs Foundation Trust","12036","120 Belsize Lane, London, NW3 5BA","NW3 5BA","","1,
86210","9.56","10.22","-93.26","-72.54","1.37","0.79","25.67","74.33","22.87","77.13","23.46","76.54","33.64","66.36","","","500 to 999","Tavistock And Portman Nhs Foundation Trust","False","2027/03/31 00:00:00","2026/04/23 14:33:02"
"THE CAKE CREW LIMITED","19163","Units 11-12 Enterprise Park, Bala, Gwynedd, LL23 7NL","LL23 7NL","07738348","10720","5.4","0.69","16.96","0","63","59","50","50","55","45","61","39","53.4","46.6","","Terri Roberts (Head of HR)","Less than 250","THE CAKE CREW LIMITED","False","2027/04/05 00:00:00","2026/04/09 11:45:42"
"THE CELTIC MANOR RESORT LIMITED","324","Coldra Woods, Newport, Gwent, NP18 1HQ","NP18 1HQ","08428620","55100","10.56","0.46","52.5","63.3","30.43","35.48","46.3","53.7","40.3","59.7","43.1","56.9","61.8","38.2","https://www.celtic-manor.com/","Julie Hammond (CEO)","500 to 999","THE CELTIC MANOR RESORT LIMITED","False","2027/04/05 00:00:00","2026/04/08 12:51:16"
"THE JAMES HUTTON INSTITUTE","12417","The James Hutton Institute, Invergowrie, Dundee, DD2 5DA","DD2 5DA","SC374831","72190","12.9","8.7","","","0","0","40","60","31","69","47","53","62","38","","Anne Corbin (Chief Financial Officer)","500 to 999","THE JAMES HUTTON INSTITUTE","False","2027/04/05 00:00:00","2026/04/08 14:25:25"
"The Jo Richardson Community School","15432","Castle Green, Gale Street, Dagenham, Essex, RM9 4UN","RM9 4UN","","1,
85310","8.1","11.6","","","0","0","10.8","89.2","31.2","68.8","29.2","70.8","31.2","68.8","https://jorichardson.org.uk/wp-content/uploads/2026/05/gender-pay-gap-report-Mar-26.pdf","","250 to 499","The Jo Richardson Community School","False","2027/03/31 00:00:00","2026/05/08 11:31:30"
"THE ROMERO CATHOLIC ACADEMY","12552","Cardinal Wiseman Catholic School, Potters Green Road, Coventry, England, CV2 2AJ","CV2 2AJ","09702162","85100,
85200,
85310","19.8","48.5","","","0","0","4","96","15","85","17","83","26","74","https://romero-prod.s3.eu-west-2.amazonaws.com/wp-content/uploads/2026/04/12183029/TRCA-Gender-Pay-Gap-Report-2026.pdf","","500 to 999","THE ROMERO CATHOLIC ACADEMY","False","2027/03/31 00:00:00","2026/04/13 07:39:01"
"THE STOUR ACADEMY TRUST","14603","Sturry Ce Primary School Park View, Sturry, Canterbury, Kent, CT2 0NR","CT2 0NR","08179242","85200","12.67","13.59","","","0","0","1.94","98.06","9.71","90.29","9.8","90.2","12.75","87.25","https://thestouracademytrust.org.uk/governance-and-financial-information/","","250 to 499","THE STOUR ACADEMY TRUST","False","2027/03/31 00:00:00","2026/05/13 10:50:23"
"UK Space Agency","19127","Polaris House, North Star Avenue, Swindon Wilts, SN2 1SN","SN2 1SN","","1","5.6","4.9","2.8","20.0","77.8","80.6","45.6","54.4","53.7","46.3","49.4","50.6","58.2","41.8","","","250 to 499","UK Space Agency","False","2027/03/31 00:00:00","2026/05/11 12:53:26"
"VESPASIAN SECURITY LIMITED","36048","Ground Floor, Building 1000 Lakeside North Harbour, Western Road, Portsmouth, Hampshire, United Kingdom, PO6 3EZ","PO6 3EZ","05713594","80100","-3","-4","","","0","3","68","32","76","24","80","20","84","16","https://www.vespasiansecurity.co.uk/general-5","Bryan Newell (Finance Manager)","500 to 999","VESPASIAN SECURITY LIMITED","False","2027/04/05 00:00:00","2026/04/08 09:01:06"
"W. & G. HARRISON LIMITED","13422","Ribby Hall Village, Ribby Road, Wrea Green, Lancashire, PR4 2PR","PR4 2PR","01032929","55201","18.1","1.9","51.1","24.5","12.4","19.8","39.8","60.2","34.8","65.2","37.1","62.9","58.3","41.7","","Paul Harrison (CEO)","500 to 999","W. & G. HARRISON LIMITED","False","2027/04/05 00:00:00","2026/04/24 10:41:01"
"WELWYN COMPONENTS LIMITED","14091","Welwyn Electronics Park, Bedlington, Northumberland, NE22 7AA","NE22 7AA","00162480","26110","18","22","28","28","95","78","52","48","62","38","46","54","89","11","","Cheryl Douglas Cheryl Douglas (TT Benefit & Comp. Mgr., Americas & UK)","250 to 499","WELWYN COMPONENTS LIMITED","False","2027/04/05 00:00:00","2026/04/08 02:30:31"
"WESSEX EAGLE LIMITED","15245","Eagle Plant, Beeching Close, Chard, Somerset, TA20 1BB","TA20 1BB","01540286","77320","8.7","5.6","27.6","27.9","88","91","87","13","91","9","94","6","96","4","","Gary Parfoot (Finance Director)","250 to 499","WESSEX EAGLE LIMITED","False","2027/04/05 00:00:00","2026/04/07 16:21:13"
"WHITE HORSE CARAVAN COMPANY LIMITED","13724","C/O Csc Cls (Uk) Limited 5 Churchill Place, 10th Floor, London, United Kingdom, E14 5HU","E14 5HU","01538949","55300","4.73","1.49","81.95","39.01","28.96","55.79","46.67","53.33","53.33","46.67","66.67","33.33","57.14","42.86","","Charlotte Mitchell (Payroll Manager)","250 to 499","WHITE HORSE CARAVAN COMPANY LIMITED","False","2027/04/05 00:00:00","2026/04/09 11:43:19"
"WONDER LEARNING PARTNERSHIP","16760","18 Market Place, Malton, England, YO17 7LX","YO17 7LX","10518602","85590","20.6","21.8","","","0","0","9","91","22","78","19","81","29","71","","","250 to 499","WONDER LEARNING PARTNERSHIP","False","2027/03/31 00:00:00","2026/04/20 16:22:19"
"XAVIER CATHOLIC EDUCATION TRUST","14621","Salesian School, Guildford Road, Chertsey, Surrey, United Kingdom, KT16 9LU","KT16 9LU","10236797","85200,
85310,
85590,
85600","18.20","17.50","","","0","0","6","94","16","84","21","79","22","78","","","1000 to 4999","XAVIER CATHOLIC EDUCATION TRUST","False","2027/03/31 00:00:00","2026/04/20 11:35:24"
